Model,Accuracy,Precision,Recall,F1,CV_F1,AUC_ROC,CV_F1_mean,CV_F1_std
Random Forest — Spam,0.9838855227536418,0.983935980114917,0.9838855227536418,0.9838773629050578,0.9831,,,
Naive Bayes — Spam (TF-IDF),0.9671179883945842,0.9663279321080152,0.9671179883945842,0.9661930323418207,0.9656,,,
SVM — Malware Detection,0.99925,0.9992501259382872,0.99925,0.999250000515629,,,,
Logistic Regression,0.9613,0.9505,0.7328,0.8276,,0.9899,0.9621,0.0074
