Model,Accuracy,Precision,Recall,F1,CV_F1
Random Forest — Spam,0.9838855227536418,0.983935980114917,0.9838855227536418,0.9838773629050578,0.9831
Naive Bayes — Spam (TF-IDF),0.9671179883945842,0.9663279321080152,0.9671179883945842,0.9661930323418209,0.9656
SVM — Malware Detection,0.99925,0.9992501259382871,0.99925,0.999250000515629,N/A
